Unnamed: 0,postUrl,profileUrl,username,fullName,commentCount,likeCount,pubDate,description,location,imgUrl,postId,ownerId,type,query,timestamp,isSidecar,sidecarMedias,videoUrl,viewCount,language,score,description_preprocessed,includes_ingredient_list,ingredient_lines,ingredients_dict
81,https://www.instagram.com/p/Cgd_iR_vT2d/,https://www.instagram.com/all.about.oats,all.about.oats,Anushka Lodhi,0,2,2022-07-26T08:23:14.000Z,"Chocolate fudge protein oatmealü§é üí™
Ingredients:
1/2cup instant oats
1/2cup milk
1/2cup water
1scoop chocolate protein powder
1tsp brown sugar

Toppings:
1tbsp peanut butter
1tbsp chocolate spread
1/2 a banana
Protein bar @yogabars.in 

#oatsforbreakfast#highprotein#proats#chocolateoatmeal#creamy#trending#aesthetic#yoga#fudge#fudgeoatmeal#instagood#instadaily#viral#banana#peanutbutter#healthylifestyle#healthybreakfast#aesthetic#aestheticoatmeal#veganfood#veg#easyrecipes#followformore","Ghaziabad, India",https://scontent-lhr8-2.cdninstagram.com/v/t51.2885-15/295618685_1128570794394902_7327039501268570538_n.webp?stp=dst-jpg_e35&_nc_ht=scontent-lhr8-2.cdninstagram.com&_nc_cat=102&_nc_ohc=c6__goixQbAAX9FL_BH&tn=a6t2ShJw7jOYAMrX&edm=AGyKU4gBAAAA&ccb=7-5&ig_cache_key=Mjg5MDc0NTk2NDQyMTYzNzU1OA%3D%3D.2-ccb7-5&oh=00_AT99k_9M2PMB6rF5Dlp-NHUidNg7Nzt0iaycDQr35Vj1sw&oe=62E7746B&_nc_sid=4cb768,2890745968557112733,13685904807,Carousel,#easyrecipes,2022-07-26T08:28:18.593Z,True,3.0,,,en,0.999996661121724,"chocolate fudge protein oatmeal 
ingredients:
1/2 cup instant oats
1/2 cup milk
1/2 cup water
1 scoop chocolate protein powder
1 teaspoon brown sugar

toppings:
1 tablespoon peanut butter
1 tablespoon chocolate spread
1/2 a banana
protein bar .in",True,"['1/2 cup instant oats', '1/2 cup milk', '1/2 cup water', '1 scoop chocolate protein powder', '1 teaspoon brown sugar']","[{'error': None, 'raw': '1/2 cup instant oats', 'parsed': {'confidence': 0.976161, 'product': 'instant oats', 'productSizeModifier': None, 'quantity': 0.5, 'unit': 'cup', 'preparationNotes': None, 'usda_info': None}}, {'error': None, 'raw': '1/2 cup milk', 'parsed': {'confidence': 0.9959719, 'product': 'milk', 'productSizeModifier': None, 'quantity': 0.5, 'unit': 'cup', 'preparationNotes': None, 'usda_info': {'category': 'Dairy and Egg Products', 'description': 'Milk, fluid, 1% fat, without added vitamin A and vitamin D', 'fdcId': '173441', 'matchMethod': 'closestUnbranded'}}}, {'error': None, 'raw': '1/2 cup water', 'parsed': {'confidence': 0.9923842, 'product': 'water', 'productSizeModifier': None, 'quantity': 0.5, 'unit': 'cup', 'preparationNotes': None, 'usda_info': {'category': 'Beverages', 'description': 'Beverages, water, tap, drinking', 'fdcId': '173647', 'matchMethod': 'exact'}}}, {'error': None, 'raw': '1 scoop chocolate protein powder', 'parsed': {'confidence': 0.948583, 'product': 'chocolate protein powder', 'productSizeModifier': None, 'quantity': 1.0, 'unit': 'scoop', 'preparationNotes': None, 'usda_info': None}}, {'error': None, 'raw': '1 teaspoon brown sugar', 'parsed': {'confidence': 0.9937513, 'product': 'brown sugar', 'productSizeModifier': None, 'quantity': 1.0, 'unit': 'teaspoon', 'preparationNotes': None, 'usda_info': {'category': 'Sweets', 'description': 'Sugars, brown', 'fdcId': '168833', 'matchMethod': 'exact'}}}]"
104,https://www.instagram.com/p/Cgd8bLXDaCq/,https://www.instagram.com/a_m_eats,a_m_eats,Alice & Meg üç¥,3,12,2022-07-26T07:56:03.000Z,"‚Å£Caprese Chicken with Pesto üåøüçÖ‚†Ä
‚†Ä
This dish is a perfect light dinner for the warm weather we‚Äôve been having and so easy to cook with hardly any ingredients needed! ‚†Ä
‚†Ä
Ingredients:‚†Ä
üçÖ1 chicken breast‚†Ä
üçÖ1 ball mozarella cheese ‚†Ä
üçÖ2 tomatoes ‚†Ä
üçÖsmall handful of basil ‚†Ä
üçÖpesto ‚†Ä
üçÖbalsamic glaze ‚†Ä
‚†Ä
For the chicken: ‚†Ä
preheat the oven to 180 degrees ‚†Ä
Chop your tomatoes ans mozarella into even slices ‚†Ä
Cut slices into the chicken breast deep enough for the stuffing ‚†Ä
Place the chicken breast on the oven tray and place slices of mozarella and tomato into the slices made in the chicken ‚†Ä
Top with 2 teaspoons of pesto, salt & pepper‚†Ä
Cook in the oven for roughly 30 mins till the chicken is cooked through ‚†Ä
Top with fresh basil & serve ‚†Ä
‚†Ä
For the caprese salad:‚†Ä
Lay out even slices of tomato and mozarella on your plate ‚†Ä
Lightly drizzle olive oil & balsamic glaze‚†Ä
Top with salt, pepper & fresh basil ‚†Ä
‚†Ä
Enjoy! ‚†Ä
‚†Ä
This was delicious and minimum effort so is perfect for a weekday meal üòã‚†Ä
‚†Ä
‚†Ä
‚†Ä
‚†Ä
‚†Ä
‚†Ä
‚†Ä
‚†Ä
‚†Ä
‚†Ä
‚†Ä
‚†Ä
‚†Ä
‚†Ä
‚†Ä
‚†Ä
‚†Ä
‚†Ä
‚†Ä
‚†Ä
#capresechicken #capresesalad #pesto #easyrecipes #chickenrecipes #pestochicken #mozarella #tomatoes #dinnerideals #summermeals #mealideas #easycooking #glasgowfood #glasgowfoodie #glasgowfoodies #glasgowfoodblog #glasgowfoodblogger","Glasgow, United Kingdom",https://scontent-lhr8-1.cdninstagram.com/v/t51.2885-15/295987441_816758829703185_3663055657596807042_n.jpg?stp=dst-jpg_e35&_nc_ht=scontent-lhr8-1.cdninstagram.com&_nc_cat=109&_nc_ohc=YhN58G77j_MAX-ypxdo&edm=AGyKU4gBAAAA&ccb=7-5&ig_cache_key=Mjg5MDczMjI4MjAxOTk0NzQ1NQ%3D%3D.2-ccb7-5&oh=00_AT8EEstDwZ3Gbbdh0hs3QBOsxF7fBjhWPdd95kN4f32cJg&oe=62E5FA39&_nc_sid=4cb768,2890732286256193706,25251549247,Carousel,#easyrecipes,2022-07-26T08:28:18.593Z,True,3.0,,,en,0.9999968701567312,"‚Å£caprese chicken with pesto ‚†Ä
‚†Ä
this dish is a perfect light dinner for the warm weather we‚Äôve been having and so easy to cook with hardly any ingredients needed! ‚†Ä
‚†Ä
ingredients:‚†Ä
1 chicken breast‚†Ä
1 ball mozarella cheese ‚†Ä
2 tomatoes ‚†Ä
small handful of basil ‚†Ä
pesto ‚†Ä
balsamic glaze ‚†Ä
‚†Ä
for the chicken: ‚†Ä
preheat the oven to 180 degrees ‚†Ä
chop your tomatoes ans mozarella into even slice ‚†Ä
cut slice into the chicken breast deep enough for the stuffing ‚†Ä
place the chicken breast on the oven tray and place slice of mozarella and tomato into the slice made in the chicken ‚†Ä
top with 2 teaspoon of pesto, salt & pepper‚†Ä
cook in the oven for roughly 30 mins till the chicken is cooked through ‚†Ä
top with fresh basil & serve ‚†Ä
‚†Ä
for the caprese salad:‚†Ä
lay out even slice of tomato and mozarella on your plate ‚†Ä
lightly drizzle olive oil & balsamic glaze‚†Ä
top with salt, pepper & fresh basil ‚†Ä
‚†Ä
enjoy! ‚†Ä
‚†Ä
this was delicious and minimum effort so is perfect for a weekday meal ‚†Ä
‚†Ä
‚†Ä
‚†Ä
‚†Ä
‚†Ä
‚†Ä
‚†Ä
‚†Ä
‚†Ä
‚†Ä
‚†Ä
‚†Ä
‚†Ä
‚†Ä
‚†Ä
‚†Ä
‚†Ä
‚†Ä
‚†Ä
‚†Ä",True,"['1 chicken breast‚†Ä', '1 ball mozarella cheese ‚†Ä', '2 tomatoes ‚†Ä', 'small handful of basil ‚†Ä', 'pesto ‚†Ä', 'balsamic glaze ‚†Ä']","[{'error': None, 'raw': '1 chicken breast‚†Ä', 'parsed': {'confidence': 0.926347, 'product': 'chicken breast‚†Ä', 'productSizeModifier': None, 'quantity': 1.0, 'unit': None, 'preparationNotes': None, 'usda_info': None}}, {'error': None, 'raw': '1 ball mozarella cheese ‚†Ä', 'parsed': {'confidence': 0.412884, 'product': 'ball mozarella cheese ‚†Ä', 'productSizeModifier': None, 'quantity': 1.0, 'unit': None, 'preparationNotes': None, 'usda_info': None}}, {'error': None, 'raw': '2 tomatoes ‚†Ä', 'parsed': {'confidence': 0.832757, 'product': 'tomatoes ‚†Ä', 'productSizeModifier': None, 'quantity': 2.0, 'unit': None, 'preparationNotes': None, 'usda_info': None}}, {'error': None, 'raw': 'small handful of basil ‚†Ä', 'parsed': {'confidence': 0.665926, 'product': 'basil ‚†Ä', 'productSizeModifier': None, 'quantity': None, 'unit': 'handful', 'preparationNotes': None, 'usda_info': None}}, {'error': None, 'raw': 'pesto ‚†Ä', 'parsed': {'confidence': 0.818167, 'product': 'pesto ‚†Ä', 'productSizeModifier': None, 'quantity': None, 'unit': None, 'preparationNotes': None, 'usda_info': None}}, {'error': None, 'raw': 'balsamic glaze ‚†Ä', 'parsed': {'confidence': 0.446419, 'product': 'balsamic ‚†Ä', 'productSizeModifier': None, 'quantity': None, 'unit': None, 'preparationNotes': 'glaze', 'usda_info': None}}]"
169,https://www.instagram.com/p/CgdylqtOy9s/,https://www.instagram.com/hescottwellness,hescottwellness,"Natasha Hescott, RDN, CDN",0,1,2022-07-26T06:30:06.000Z,"Looking for a fast recipe to make for lunch? This dish is light and can be made in only 25 minutes!

‚ú®Bok Choy with Tamari Sauce‚ú®

Ingredients:
‚úÖ2 lb bok choy, small 
‚úÖ1 Tbs ginger, fresh, minced
‚úÖ 1/4 cup scallions, thinly sliced 
‚úÖ1 1/2 Tbs olive oil, divided ‚úÖ6 Tbs tamari sauce 
‚úÖ1 Tbs hemp seeds 

Directions:
Prep : 
1. Trim bok choy bottoms and cut in half lengthwise. 
2. Mince ginger. 
3. Slice scallions. 

Make :
1. Coat bottom of pan with 1 1/2 teaspoons oil, over medium-high heat. When hot, lay bok choy in single layer, cut side down (do not overcrowd). Add 2 tablespoons water and cover about 2 minutes. 

2. Lift out of pan, drain, and place on platter. Remove water from pan and repeat with remaining bok choy. Leave residual water in pan. 

3. Add 1 tablespoon oil and ginger to pan and cook, stirring over high 
heat until ginger is browned. Remove from heat and add tamari sauce. 

4. Pour sauce over bok choy, sprinkle with scallions and hemp seeds. 

üîÜFor more healthy recipes, click the link in bioü•∞
.
.
.
.
.
.
.
.
#bokchoy #healthyrecipes #easyrecipes #bokchoy #ginger #healthylifestyle #summerrecipes #summer #healthydish #antiinflammatorydiet  #summerproduce #hempseeds #hescottwellness",,https://scontent-lhr8-1.cdninstagram.com/v/t51.2885-15/295557638_798015697859253_3821876478836184038_n.jpg?stp=dst-jpg_e35&_nc_ht=scontent-lhr8-1.cdninstagram.com&_nc_cat=109&_nc_ohc=PvwSzPbepqIAX_spenp&edm=AMKDjl4BAAAA&ccb=7-5&ig_cache_key=Mjg5MDY4OTAyNjY0MzkzMDk4OA%3D%3D.2-ccb7-5&oh=00_AT9R3UQKPajg2-Oljs2PIuKPI6-ZezAEu8Tq9BIEfcAMTw&oe=62E758B7&_nc_sid=1fe099,2890689026643930988,8064805720,Photo,#easyrecipes,2022-07-26T08:28:31.069Z,False,,,,en,0.999994237697195,"looking for a fast recipe to make for lunch? this dish is light and can be made in only 25 minutes!

bok choy with tamari sauce

ingredients:
2 pound bok choy, small 
1 tbs ginger, fresh, minced
 1/4 cup scallions, thinly sliced 
1 1 /2 tbs olive oil, divided 6 tbs tamari sauce 
1 tbs hemp seeds 

directions:
prep : 
1 . trim bok choy bottoms and cut in half lengthwise. 
2 . mince ginger. 
3 . slice scallions. 

make :
1 . coat bottom of pan with 1 1 /2 teaspoon oil, over medium-high heat. when hot, lay bok choy in single layer, cut side down (do not overcrowd). add 2 tablespoon water and cover about 2 minutes. 

2 . lift out of pan, drain, and place on platter. remove water from pan and repeat with remaining bok choy. leave residual water in pan. 

3 . add 1 tablespoon oil and ginger to pan and cook, stirring over high 
heat until ginger is browned. remove from heat and add tamari sauce. 

4 . pour sauce over bok choy, sprinkle with scallions and hemp seeds. 

for more healthy recipes, click the link in bio
.
.
.
.
.
.
.
.",True,"['2 pound bok choy, small ', '1 tbs ginger, fresh, minced', ' 1/4 cup scallions, thinly sliced ', '1 1 /2 tbs olive oil, divided 6 tbs tamari sauce ', '1 tbs hemp seeds ']","[{'error': None, 'raw': '2 pound bok choy, small ', 'parsed': {'confidence': 0.8712382, 'product': 'bok choy', 'productSizeModifier': None, 'quantity': 2.0, 'unit': 'pound', 'preparationNotes': None, 'usda_info': {'category': 'Vegetables and Vegetable Products', 'description': 'Cabbage, chinese (pak-choi), raw', 'fdcId': '170390', 'matchMethod': 'exact'}}}, {'error': None, 'raw': '1 tbs ginger, fresh, minced', 'parsed': {'confidence': 0.8276143, 'product': 'ginger', 'productSizeModifier': None, 'quantity': 1.0, 'unit': 'tablespoon', 'preparationNotes': 'fresh, minced', 'usda_info': {'category': 'Vegetables and Vegetable Products', 'description': 'Ginger root, raw', 'fdcId': '169231', 'matchMethod': 'exact'}}}, {'error': None, 'raw': ' 1/4 cup scallions, thinly sliced ', 'parsed': {'confidence': 0.9478576, 'product': 'scallions', 'productSizeModifier': None, 'quantity': 0.25, 'unit': 'cup', 'preparationNotes': 'thinly sliced', 'usda_info': {'category': 'Vegetables and Vegetable Products', 'description': 'Onions, spring or scallions (includes tops and bulb), raw', 'fdcId': '170005', 'matchMethod': 'exact'}}}, {'error': None, 'raw': '1 1 /2 tbs olive oil, divided 6 tbs tamari sauce ', 'parsed': {'confidence': 0.8384716, 'product': 'olive oil', 'productSizeModifier': None, 'quantity': 0.5, 'unit': 'tablespoon', 'preparationNotes': None, 'usda_info': {'category': 'Fats and Oils', 'description': 'Oil, olive, salad or cooking', 'fdcId': '171413', 'matchMethod': 'exact'}}}, {'error': None, 'raw': '1 tbs hemp seeds ', 'parsed': {'confidence': 0.944166, 'product': 'hemp seeds', 'productSizeModifier': None, 'quantity': 1.0, 'unit': 'tablespoon', 'preparationNotes': None, 'usda_info': None}}]"
172,https://www.instagram.com/p/CgdyENyLgmv/,https://www.instagram.com/rainbowpiatto,rainbowpiatto,Rainbow Piatto,1,14,2022-07-26T06:25:32.000Z,"Sweet & Savoury Mushroom Scones~üçÑ This easy and quick snack made with our favourite mushrooms is definitely a pleaser. We love having them with cream cheese, random toppings and even on its own.üòã Mama also made them petite so it's easy to pack them along as mini treats for the kids' outings! ‚ù§
.
Ingredients:
200g swiss brown mushrooms, chopped 
220g all purpose flour
20g sugar
6g baking powder
¬Ω tsp salt
1 tsp #lilomushroompowder
55g cold butter, cut into small cubes
25g beaten egg
Approx. 100ml milk 
.
Method:
‚úîIn a pan, saut√© chopped mushrooms with some butter till slightly brown and set aside to cool
‚úîCombine flour, sugar, baking powder, salt and #lilomushroompowder in a bowl
‚úîRub in butter cubes with fingers until the mixture resembles breadcrumbs before adding in the saut√©ed mushrooms 
‚úîAdd in beaten egg and milk, and mix with a spatula until just combined with no dry flour remaining (add more milk if required)
‚úîTurn the dough out onto a floured surface and sprinkle some flour on top
‚úîPat the dough down lightly to about 3cm thick and cut straight down with a round cutter without twisting it
‚úîGather the loose pieces of dough into a ball and pat down again to cut out more
‚úîBrush the top of the scones with egg and bake in a preheated oven for 15-20 minutes at 180¬∞C till golden brown
.
.
.
#rainbowpiattoeat #foodphotography #easyrecipes #homemade #homecooked #toddlerfood #toddlerfoodideas #kidsfood #kidsfoodideas #scones #mushroomscones",Singapore / Singapura / Êñ∞Âä†Âù° / ‡Æö‡Æø‡Æô‡Øç‡Æï‡Æ™‡Øç‡Æ™‡ØÇ‡Æ∞‡Øç,https://scontent-lhr8-1.cdninstagram.com/v/t51.2885-15/295521374_1233494064066606_6414157874978212449_n.webp?stp=dst-jpg_e35&_nc_ht=scontent-lhr8-1.cdninstagram.com&_nc_cat=106&_nc_ohc=0_aheEIJHGcAX-cVAL2&tn=a6t2ShJw7jOYAMrX&edm=AMKDjl4BAAAA&ccb=7-5&ig_cache_key=Mjg5MDY4NjcyNzg0NTcxMDI1NQ%3D%3D.2-ccb7-5&oh=00_AT_4BPXDDKgNd2BEf_m0i267JMPUDaG8t0WTx3Jik2giDg&oe=62E779F2&_nc_sid=1fe099,2890686727845710255,35312071833,Photo,#easyrecipes,2022-07-26T08:28:31.069Z,False,,,,en,0.9999956454152452,"sweet & savoury mushroom scones~ this easy and quick snack made with our favourite mushrooms is definitely a pleaser. we love having them with cream cheese, random toppings and even on its own. mama also made them petite so it's easy to pack them along as mini treats for the kids' outings! 
.
ingredients:
200 gram swiss brown mushrooms, chopped 
220 gram all purpose flour
20 gram sugar
6 gram baking powder
1/2 teaspoon salt
1 teaspoon 
55 gram cold butter, cut into small cubes
25 gram beaten egg
approx. 100 ml milk 
.
method:
in a pan, saut√© chopped mushrooms with some butter till slightly brown and set aside to cool
combine flour, sugar, baking powder, salt and in a bowl
rub in butter cubes with fingers until the mixture resembles breadcrumbs before adding in the saut√©ed mushrooms 
add in beaten egg and milk, and mix with a spatula until just combined with no dry flour remaining (add more milk if required)
turn the dough out onto a floured surface and sprinkle some flour on top
pat the dough down lightly to about 3 cm thick and cut straight down with a round cutter without twisting it
gather the loose piece of dough into a ball and pat down again to cut out more
brush the top of the scones with egg and bake in a preheated oven for 15-20 minutes at 180 ¬∞c till golden brown
.
.
.",True,"['200 gram swiss brown mushrooms, chopped ', '220 gram all purpose flour', '20 gram sugar', '6 gram baking powder', '1/2 teaspoon salt', '1 teaspoon ', '55 gram cold butter, cut into small cubes', '25 gram beaten egg', 'approx. 100 ml milk ']","[{'error': None, 'raw': '200 gram swiss brown mushrooms, chopped ', 'parsed': {'confidence': 0.657608, 'product': 'swiss brown mushrooms', 'productSizeModifier': None, 'quantity': 200.0, 'unit': 'gram', 'preparationNotes': 'chopped', 'usda_info': None}}, {'error': None, 'raw': '220 gram all purpose flour', 'parsed': {'confidence': 0.987997, 'product': 'all purpose flour', 'productSizeModifier': None, 'quantity': 220.0, 'unit': 'gram', 'preparationNotes': None, 'usda_info': {'category': 'Cereal Grains and Pasta', 'description': 'Wheat flour, white, all-purpose, unenriched', 'fdcId': '169761', 'matchMethod': 'exact'}}}, {'error': None, 'raw': '20 gram sugar', 'parsed': {'confidence': 0.995209, 'product': 'sugar', 'productSizeModifier': None, 'quantity': 20.0, 'unit': 'gram', 'preparationNotes': None, 'usda_info': {'category': 'Sweets', 'description': 'Sugars, granulated', 'fdcId': '169655', 'matchMethod': 'exact'}}}, {'error': None, 'raw': '6 gram baking powder', 'parsed': {'confidence': 0.9913719999999999, 'product': 'baking powder', 'productSizeModifier': None, 'quantity': 6.0, 'unit': 'gram', 'preparationNotes': None, 'usda_info': {'category': 'Baked Products', 'description': 'Leavening agents, baking powder, double-acting, sodium aluminum sulfate', 'fdcId': '172803', 'matchMethod': 'exact'}}}, {'error': None, 'raw': '1/2 teaspoon salt', 'parsed': {'confidence': 0.9935209, 'product': 'salt', 'productSizeModifier': None, 'quantity': 0.5, 'unit': 'teaspoon', 'preparationNotes': None, 'usda_info': {'category': 'Spices and Herbs', 'description': 'Salt, table', 'fdcId': '173468', 'matchMethod': 'exact'}}}, {'error': None, 'raw': '1 teaspoon ', 'parsed': {'confidence': 0.828797, 'product': None, 'productSizeModifier': None, 'quantity': 1.0, 'unit': 'teaspoon', 'preparationNotes': None, 'usda_info': None}}, {'error': None, 'raw': '55 gram cold butter, cut into small cubes', 'parsed': {'confidence': 0.8401078, 'product': 'butter', 'productSizeModifier': None, 'quantity': 55.0, 'unit': 'gram', 'preparationNotes': 'cold, cut into small cubes', 'usda_info': {'category': 'Dairy and Egg Products', 'description': 'Butter, without salt', 'fdcId': '173430', 'matchMethod': 'exact'}}}, {'error': None, 'raw': '25 gram beaten egg', 'parsed': {'confidence': 0.9615592, 'product': 'egg', 'productSizeModifier': None, 'quantity': 25.0, 'unit': 'gram', 'preparationNotes': 'beaten', 'usda_info': {'category': 'Dairy and Egg Products', 'description': 'Egg, whole, raw, fresh', 'fdcId': '171287', 'matchMethod': 'exact'}}}, {'error': None, 'raw': 'approx. 100 ml milk ', 'parsed': {'confidence': 0.9452767, 'product': 'milk', 'productSizeModifier': None, 'quantity': 0.1, 'unit': 'milliliter', 'preparationNotes': None, 'usda_info': {'category': 'Dairy and Egg Products', 'description': 'Milk, fluid, 1% fat, without added vitamin A and vitamin D', 'fdcId': '173441', 'matchMethod': 'closestUnbranded'}}}]"
627,https://www.instagram.com/p/CgboCcgDiXs/,https://www.instagram.com/thealmostcook,thealmostcook,Mel üçã,2,38,2022-07-25T10:19:26.000Z,"overnight oats üçØ if you‚Äôre wanting some easy and deLISH breakfast inspiration, you need these overnight oats at the top of your list! I‚Äôve been making it in 3-day batches and I can‚Äôt get enough ü§§ recipe below - brands tagged for reference!

Overnight oats (makes 3 portions)

Ingredients:
- 1.5 cups @quakeroatsuk oats
- 2 scoops unflavoured or vanilla @bulk protein powder
- 1/2 tsp cinnamon
- 1.5-2 cups milk of choice (I use @alpro) 
- 2/3 cup greek yoghurt
- 2 tbsp chia seeds
- maple syrup to taste (I used about 1 tbsp)
- 1 tsp vanilla essence (omit if using vanilla protein)
- 1/4 cup dark chocolate chips

method:
- mix together the oats, protein powder and cinnamon
- add the rest of the ingredients and mix together until we‚Äôll combined
- pour into an airtight container (or multiple if you want them in pre-prepped portions)
- store in the fridge for up to three days. Serve topped with fresh strawberries üçì and @pipandnut peanut butter

#overnightoats #breakfast #recipe #recipes #recipeoftheday #cooking #homecooking #recipeshare #recipeideas #foodblogger #foodie #foodstagram #cheflife",London Borough of Hackney,https://scontent-lhr8-1.cdninstagram.com/v/t51.2885-15/295452221_560978472430647_6973994355667922198_n.jpg?stp=dst-jpg_e35&_nc_ht=scontent-lhr8-1.cdninstagram.com&_nc_cat=103&_nc_ohc=WhFn_giH3GEAX_CP2aq&edm=AMKDjl4BAAAA&ccb=7-5&ig_cache_key=Mjg5MDA3OTY3NTc5MDI3MTk4MA%3D%3D.2-ccb7-5&oh=00_AT8_UwFqKfp2I5NkCIc5WAeuwF6m-lrPRoDKKmui2Y5OIA&oe=62E6CF03&_nc_sid=1fe099,2890079675790271980,33127988484,Photo,#recipeideas,2022-07-26T08:29:49.406Z,False,,,,en,0.9999960563916104,"overnight oats if you‚Äôre wanting some easy and delish breakfast inspiration, you need these overnight oats at the top of your list! i‚Äôve been making it in 3 -day batches and i can‚Äôt get enough recipe below - brands tagged for reference!

overnight oats (makes 3 portions)

ingredients:
- 1.5 cup oats
- 2 scoops unflavoured or vanilla protein powder
- 1/2 teaspoon cinnamon
- 1.5 -2 cup milk of choice (i use ) 
- 2/3 cup greek yoghurt
- 2 tablespoon chia seeds
- maple syrup to taste (i used about 1 tablespoon)
- 1 teaspoon vanilla essence (omit if using vanilla protein)
- 1/4 cup dark chocolate chips

method:
- mix together the oats, protein powder and cinnamon
- add the rest of the ingredients and mix together until we‚Äôll combined
- pour into an airtight container (or multiple if you want them in pre-prepped portions)
- store in the fridge for up to three days. serve topped with fresh strawberries and peanut butter",True,"['- 1.5 cup oats', '- 2 scoops unflavoured or vanilla protein powder', '- 1/2 teaspoon cinnamon', '- 1.5 -2 cup milk of choice (i use ) ', '- 2/3 cup greek yoghurt', '- 2 tablespoon chia seeds', '- maple syrup to taste (i used about 1 tablespoon)', '- 1 teaspoon vanilla essence (omit if using vanilla protein)', '- 1/4 cup dark chocolate chips']","[{'error': None, 'raw': '- 1.5 cup oats', 'parsed': {'confidence': 0.9920374000000001, 'product': 'oats', 'productSizeModifier': None, 'quantity': 1.5, 'unit': 'cup', 'preparationNotes': None, 'usda_info': {'category': 'Breakfast Cereals', 'description': 'Cereals, oats, regular and quick, not fortified, dry', 'fdcId': '173904', 'matchMethod': 'exact'}}}, {'error': None, 'raw': '- 2 scoops unflavoured or vanilla protein powder', 'parsed': {'confidence': 0.413598, 'product': 'vanilla protein powder', 'productSizeModifier': None, 'quantity': 2.0, 'unit': 'scoop', 'preparationNotes': None, 'usda_info': None}}, {'error': None, 'raw': '- 1/2 teaspoon cinnamon', 'parsed': {'confidence': 0.9824062, 'product': 'cinnamon', 'productSizeModifier': None, 'quantity': 0.5, 'unit': 'teaspoon', 'preparationNotes': None, 'usda_info': {'category': 'Spices and Herbs', 'description': 'Spices, cinnamon, ground', 'fdcId': '171320', 'matchMethod': 'exact'}}}, {'error': None, 'raw': '- 1.5 -2 cup milk of choice (i use ) ', 'parsed': {'confidence': 0.270248, 'product': 'milk of choice', 'productSizeModifier': None, 'quantity': 1.5, 'unit': 'cup', 'preparationNotes': None, 'usda_info': None}}, {'error': None, 'raw': '- 2/3 cup greek yoghurt', 'parsed': {'confidence': 0.79436, 'product': 'greek yoghurt', 'productSizeModifier': None, 'quantity': 0.6666666666666666, 'unit': 'cup', 'preparationNotes': None, 'usda_info': None}}, {'error': None, 'raw': '- 2 tablespoon chia seeds', 'parsed': {'confidence': 0.974431, 'product': 'chia seeds', 'productSizeModifier': None, 'quantity': 2.0, 'unit': 'tablespoon', 'preparationNotes': None, 'usda_info': {'category': 'Nut and Seed Products', 'description': 'Seeds, chia seeds, dried', 'fdcId': '170554', 'matchMethod': 'exact'}}}, {'error': None, 'raw': '- maple syrup to taste (i used about 1 tablespoon)', 'parsed': {'confidence': 0.84301, 'product': 'maple syrup', 'productSizeModifier': None, 'quantity': None, 'unit': None, 'preparationNotes': None, 'usda_info': {'category': 'Sweets', 'description': 'Syrups, maple', 'fdcId': '169661', 'matchMethod': 'exact'}}}, {'error': None, 'raw': '- 1 teaspoon vanilla essence (omit if using vanilla protein)', 'parsed': {'confidence': 0.838486, 'product': 'vanilla essence', 'productSizeModifier': None, 'quantity': 1.0, 'unit': 'teaspoon', 'preparationNotes': None, 'usda_info': None}}, {'error': None, 'raw': '- 1/4 cup dark chocolate chips', 'parsed': {'confidence': 0.664924, 'product': 'dark chocolate chips', 'productSizeModifier': None, 'quantity': 0.25, 'unit': 'cup', 'preparationNotes': None, 'usda_info': None}}]"
635,https://www.instagram.com/p/Cgbk1gkj0Bj/,https://www.instagram.com/hangryinlondon,hangryinlondon,Hangry in London üå∂,0,16,2022-07-25T09:51:27.000Z,"Finally got round to making baba ganoush! Not sure why but I thought it was going to be way more effort than it was. TASTED UNBELIEVABLE ü§§ no blender needed. 

Ingredients: 
2 aubergines 
2 minced garlic cloves 
2 tablespoons lemon juice 
1/4 cup tahini 
1/3 cup olive oil 
2 tbsp chopped flat leaf parsley
1/4 tsp cumin 
Salt n peps 
Sprinkle of paprika 

Method:
~ preheat oven to 230 degrees c 
~ chop your aubergines in half lengthwise and brush cut sides with olive oil 
~ place them skin side up on baking paper lined tray and bake in oven for 35-40 mins 
~ when done, scoop out aubergine flesh and strain flesh to get rid of liquid 
~ put in bowl, add garlic and lemon juice, and whisk with a fork to break down the aubergine 
~ add tahini and stir till combined 
~ while stirring, slowly drizzle in olive oil 
~ once all broken down and mixed together, add in salt, cumin and parsley 
~ add more lemon juice to taste 
~ transfer to a pretty bowl and drizzle with more olive oil and a sprinkle of paprika and parsley 

Voila! I chopped up some pitta breads and roasted them in olive oil, salt n peps and rosemary to scoop up the deliciousness with. 

#babaganoush #aubergine #foodie #foodism #foodismedicine #foodislife #recipe #recipeoftheday #recipeideas",Cornwall,https://scontent-lhr8-2.cdninstagram.com/v/t51.2885-15/295306333_142394448467402_89828147924057148_n.jpg?stp=dst-jpg_e35&_nc_ht=scontent-lhr8-2.cdninstagram.com&_nc_cat=102&_nc_ohc=m1hhVsv3f8UAX-2TWXi&tn=a6t2ShJw7jOYAMrX&edm=AMKDjl4BAAAA&ccb=7-5&ig_cache_key=Mjg5MDA2NTU4NzA0NzU5NjAyOQ%3D%3D.2-ccb7-5&oh=00_AT9quGq5hMWPykYzareBEe2miLupTH3NPYtVN3aZntS3Qw&oe=62E69F70&_nc_sid=1fe099,2890065592668078179,4106042318,Carousel,#recipeideas,2022-07-26T08:29:49.406Z,True,2.0,,,en,0.999997553603445,"finally got round to making baba ganoush! not sure why but i thought it was going to be way more effort than it was. tasted unbelievable no blender needed. 

ingredients: 
2 aubergines 
2 minced garlic clove 
2 tablespoon lemon juice 
1/4 cup tahini 
1/3 cup olive oil 
2 tablespoon chopped flat leaf parsley
1/4 teaspoon cumin 
salt n peps 
sprinkle of paprika 

method:
~ preheat oven to 230 degrees c 
~ chop your aubergines in half lengthwise and brush cut sides with olive oil 
~ place them skin side up on baking paper lined tray and bake in oven for 35-40 mins 
~ when done, scoop out aubergine flesh and strain flesh to get rid of liquid 
~ put in bowl, add garlic and lemon juice, and whisk with a fork to break down the aubergine 
~ add tahini and stir till combined 
~ while stirring, slowly drizzle in olive oil 
~ once all broken down and mixed together, add in salt, cumin and parsley 
~ add more lemon juice to taste 
~ transfer to a pretty bowl and drizzle with more olive oil and a sprinkle of paprika and parsley 

voila! i chopped up some pitta breads and roasted them in olive oil, salt n peps and rosemary to scoop up the deliciousness with.",True,"['2 aubergines ', '2 minced garlic clove ', '2 tablespoon lemon juice ', '1/4 cup tahini ', '1/3 cup olive oil ', '2 tablespoon chopped flat leaf parsley', '1/4 teaspoon cumin ', 'salt n peps ', 'sprinkle of paprika ']","[{'error': None, 'raw': '2 aubergines ', 'parsed': {'confidence': 0.980188, 'product': 'aubergines', 'productSizeModifier': None, 'quantity': 2.0, 'unit': None, 'preparationNotes': None, 'usda_info': None}}, {'error': None, 'raw': '2 minced garlic clove ', 'parsed': {'confidence': 0.9273097, 'product': 'garlic', 'productSizeModifier': None, 'quantity': 2.0, 'unit': 'clove', 'preparationNotes': 'minced', 'usda_info': {'category': None, 'description': 'Garlic, raw', 'fdcId': '787793', 'matchMethod': 'exact'}}}, {'error': None, 'raw': '2 tablespoon lemon juice ', 'parsed': {'confidence': 0.9967021, 'product': 'lemon juice', 'productSizeModifier': None, 'quantity': 2.0, 'unit': 'tablespoon', 'preparationNotes': None, 'usda_info': {'category': 'Fruits and Fruit Juices', 'description': 'Lemon juice, raw', 'fdcId': '167747', 'matchMethod': 'exact'}}}, {'error': None, 'raw': '1/4 cup tahini ', 'parsed': {'confidence': 0.9924445, 'product': 'tahini', 'productSizeModifier': None, 'quantity': 0.25, 'unit': 'cup', 'preparationNotes': None, 'usda_info': {'category': None, 'description': 'Tahini', 'fdcId': '784465', 'matchMethod': 'exact'}}}, {'error': None, 'raw': '1/3 cup olive oil ', 'parsed': {'confidence': 0.9954814000000001, 'product': 'olive oil', 'productSizeModifier': None, 'quantity': 0.3333333333333333, 'unit': 'cup', 'preparationNotes': None, 'usda_info': {'category': 'Fats and Oils', 'description': 'Oil, olive, salad or cooking', 'fdcId': '171413', 'matchMethod': 'exact'}}}, {'error': None, 'raw': '2 tablespoon chopped flat leaf parsley', 'parsed': {'confidence': 0.8252257, 'product': 'flat leaf parsley', 'productSizeModifier': None, 'quantity': 2.0, 'unit': 'tablespoon', 'preparationNotes': 'chopped', 'usda_info': {'category': 'Vegetables and Vegetable Products', 'description': 'Parsley, fresh', 'fdcId': '170416', 'matchMethod': 'exact'}}}, {'error': None, 'raw': '1/4 teaspoon cumin ', 'parsed': {'confidence': 0.9916756, 'product': 'cumin', 'productSizeModifier': None, 'quantity': 0.25, 'unit': 'teaspoon', 'preparationNotes': None, 'usda_info': {'category': 'Spices and Herbs', 'description': 'Spices, cumin seed', 'fdcId': '170923', 'matchMethod': 'exact'}}}, {'error': None, 'raw': 'salt n peps ', 'parsed': {'confidence': 0.609329, 'product': 'salt n peps', 'productSizeModifier': None, 'quantity': None, 'unit': None, 'preparationNotes': None, 'usda_info': None}}, {'error': None, 'raw': 'sprinkle of paprika ', 'parsed': {'confidence': 0.9249316, 'product': 'paprika', 'productSizeModifier': None, 'quantity': None, 'unit': None, 'preparationNotes': None, 'usda_info': {'category': 'Spices and Herbs', 'description': 'Spices, paprika', 'fdcId': '171329', 'matchMethod': 'exact'}}}]"
781,https://www.instagram.com/p/Cgdw3BDKgw2/,https://www.instagram.com/ket_ofoodrecipesandtips,ket_ofoodrecipesandtips,Keto Food Recipes and Tips,1,5,2022-07-26T06:18:07.000Z,"üëâSave this post for the recipe.
Follow¬†
@ket_ofoodrecipesandtips ¬†to get daily keto tips and recipes.

Cheese Wrap üòãüôå

Ingredients:
1.5 cups iceberg lettuce
3 tbsp mayonnaise
2 tbsp red wine vinegar
1/4 cup banana peppers
Banana pepper juice (optional)
Oregano (to taste)
1 clove minced garlic
Red pepper flakes (to taste)
Salt & pepper (to taste)
1/2 cup sliced red onion
.
Instructions
.
For the wrap just add 1 cup of shredded Mexican cheese to parchment paper and bake at 400F for 10 minutes. Take out, add your Turkey & ham. Put back in on broil until the meat warms up. Take out, let cool, add your salad mix, tomatoes & roll it up!

If you guys make this easy low carb recipe, be sure to let me know what you think üôå
.
.

.#ketobeginner¬†#lowcarb¬†#weightloss¬†#fitness¬†#slimming¬†#diet¬†#healthyfood¬†#fatloss¬†#healthymeal#keto¬†#ketomeals¬†#ketorecipes¬†#ketoweightloss¬†#ketolifestyle¬†#ketodiet¬†#ketotransformation¬†#ketobreakfast¬†#ketolife¬†#ketofood#ketofriendly¬†#ketoaf¬†#ketodinner¬†#ketosnacks¬†#ketofam¬†#ketocommunity¬†#ketodessert¬†#ketogenic¬†#ketosis¬†#ketogains¬†#healthyrecipes",,,2890681422772309046,54167548593,Video,#healthyrecipes,2022-07-26T08:30:20.597Z,False,,https://scontent-lhr8-2.cdninstagram.com/v/t50.16885-16/294966396_589844082868058_5317787872729298373_n.mp4?efg=eyJ2ZW5jb2RlX3RhZyI6InZ0c192b2RfdXJsZ2VuLjcyMC5pZ3R2LmJhc2VsaW5lIiwicWVfZ3JvdXBzIjoiW1wiaWdfd2ViX2RlbGl2ZXJ5X3Z0c19vdGZcIl0ifQ&_nc_ht=scontent-lhr8-2.cdninstagram.com&_nc_cat=102&_nc_ohc=AtyBXkTytokAX-AR6zI&edm=AMKDjl4BAAAA&vs=3179013442341789_1607577364&_nc_vs=HBksFQAYJEdIelVsQkZhUHdqSGRSZ0NBTVgxNkRqbGs4eEpidlZCQUFBRhUAAsgBABUAGCRHTGRPblJHRWI5bDF2VW9FQVBXeDR5eXBpSVpxYnZWQkFBQUYVAgLIAQAoABgAGwGIB3VzZV9vaWwBMRUAACbO5cm78broPxUCKAJDMywXQD%2BqfvnbItEYEmRhc2hfYmFzZWxpbmVfMV92MREAdewHAA%3D%3D&ccb=7-5&oe=62E1EC77&oh=00_AT-4LiNsEXAy9Nhsn74gUxtKkZq7262HBAIFxTyjk9Uf1A&_nc_sid=1fe099,6.0,en,0.9999964986461528,"save this post for the recipe.
follow¬†
 ¬†to get daily keto tips and recipes.

cheese wrap 

ingredients:
1.5 cup iceberg lettuce
3 tablespoon mayonnaise
2 tablespoon red wine vinegar
1/4 cup banana peppers
banana pepper juice (optional)
oregano (to taste)
1 clove minced garlic
red pepper flakes (to taste)
salt & pepper (to taste)
1/2 cup sliced red onion
.
instructions
.
for the wrap just add 1 cup of shredded mexican cheese to parchment paper and bake at 400 f for 10 minutes. take out, add your turkey & ham. put back in on broil until the meat warms up. take out, let cool, add your salad mix, tomatoes & roll it up!

if you guys make this easy low carb recipe, be sure to let me know what you think 
.
.

.",True,"['1.5 cup iceberg lettuce', '3 tablespoon mayonnaise', '2 tablespoon red wine vinegar', '1/4 cup banana peppers', 'banana pepper juice (optional)', 'oregano (to taste)', '1 clove minced garlic', 'red pepper flakes (to taste)', 'salt & pepper (to taste)', '1/2 cup sliced red onion']","[{'error': None, 'raw': '1.5 cup iceberg lettuce', 'parsed': {'confidence': 0.9680938, 'product': 'iceberg lettuce', 'productSizeModifier': None, 'quantity': 1.5, 'unit': 'cup', 'preparationNotes': None, 'usda_info': {'category': 'Vegetables and Vegetable Products', 'description': 'Lettuce, iceberg (includes crisphead types), raw', 'fdcId': '169248', 'matchMethod': 'exact'}}}, {'error': None, 'raw': '3 tablespoon mayonnaise', 'parsed': {'confidence': 0.9986575, 'product': 'mayonnaise', 'productSizeModifier': None, 'quantity': 3.0, 'unit': 'tablespoon', 'preparationNotes': None, 'usda_info': {'category': 'Fats and Oils', 'description': 'Mayonnaise dressing, no cholesterol', 'fdcId': '167736', 'matchMethod': 'exact'}}}, {'error': None, 'raw': '2 tablespoon red wine vinegar', 'parsed': {'confidence': 0.9903037, 'product': 'red wine vinegar', 'productSizeModifier': None, 'quantity': 2.0, 'unit': 'tablespoon', 'preparationNotes': None, 'usda_info': {'category': 'Spices and Herbs', 'description': 'Vinegar, red wine', 'fdcId': '172240', 'matchMethod': 'exact'}}}, {'error': None, 'raw': '1/4 cup banana peppers', 'parsed': {'confidence': 0.988953, 'product': 'banana peppers', 'productSizeModifier': None, 'quantity': 0.25, 'unit': 'cup', 'preparationNotes': None, 'usda_info': None}}, {'error': None, 'raw': 'banana pepper juice (optional)', 'parsed': {'confidence': 0.930748, 'product': 'banana pepper juice', 'productSizeModifier': None, 'quantity': None, 'unit': None, 'preparationNotes': None, 'usda_info': None}}, {'error': None, 'raw': 'oregano (to taste)', 'parsed': {'confidence': 0.9978355, 'product': 'oregano', 'productSizeModifier': None, 'quantity': None, 'unit': None, 'preparationNotes': None, 'usda_info': {'category': 'Spices and Herbs', 'description': 'Spices, oregano, dried', 'fdcId': '171328', 'matchMethod': 'exact'}}}, {'error': None, 'raw': '1 clove minced garlic', 'parsed': {'confidence': 0.977107, 'product': 'garlic', 'productSizeModifier': None, 'quantity': 1.0, 'unit': 'clove', 'preparationNotes': 'minced', 'usda_info': {'category': None, 'description': 'Garlic, raw', 'fdcId': '787793', 'matchMethod': 'exact'}}}, {'error': None, 'raw': 'red pepper flakes (to taste)', 'parsed': {'confidence': 0.9821917, 'product': 'red pepper flakes', 'productSizeModifier': None, 'quantity': None, 'unit': None, 'preparationNotes': None, 'usda_info': {'category': 'Spices and Herbs', 'description': 'Spices, pepper, red or cayenne', 'fdcId': '170932', 'matchMethod': 'exact'}}}, {'error': None, 'raw': 'salt & pepper (to taste)', 'parsed': {'confidence': 0.948547, 'product': 'salt & pepper', 'productSizeModifier': None, 'quantity': None, 'unit': None, 'preparationNotes': None, 'usda_info': None}}, {'error': None, 'raw': '1/2 cup sliced red onion', 'parsed': {'confidence': 0.9627511, 'product': 'red onion', 'productSizeModifier': None, 'quantity': 0.5, 'unit': 'cup', 'preparationNotes': 'sliced', 'usda_info': {'category': None, 'description': 'RED ONION', 'fdcId': '490955', 'matchMethod': 'closestBranded'}}}]"
564,https://www.instagram.com/p/ChCwo1JoMzj/,https://www.instagram.com/dtmdiaries,dtmdiaries,Duaa Tariq | Content Creator,5,3,2022-08-09T15:04:58.000Z,"Recipe time!!

Boil your lasagna for 5-7 minutes and run cold water over it once its boiled! Keep it aside.

Chicken Minced Ingredients: 

- Half kg Chicken minced
- 1 Medium sized Onion finely chopped 
- 3-4 medium sized tomatoes (paste)
- Ginger garlic paste 2 TB spoon (Because I LOVEEE)
- Salt (as per taste)
- Paprika powder, 1 TB spoon (or as per your taste)
- Oregano (half tea spoon)
- Mixed Herms (as per your liking)
- Soya sauce 1 TB spoon
- Chilli sauce 1 TB spoon
- Chilli garlic ketchup (3-4 TB spoons ü•Ñ)

Method: Saut√© your onion in half tb spoon oil, add ginger garlic paste and cook it until your onion becomes transparent, add chicken minced and saut√© nicely for about 4-5 Mins, add tomato paste, all the spices and sauces and let it cook for almost 20 mins or until the water dries up.

White Sauce Ingredients:
- Butter (3-4 TB spoon)
- Maida- all purpose flour - (4-5 TB spoon)
- Milk around 1-1.5 Cups, depends on your consistency
- Black pepper (1 tea spoon)
- Salt (as per your liking)
- White pepper (1 tea spoon)
- Oregano (half tea spoon)
- Mixed herbs (half tea spoon)

Method: Add butter in your pan, once its melted, add flour and keep wisking, gradually add milk while mixing the mixture, add all your spices and herbs, make sure you‚Äôre continuously mixing so there‚Äôs no lumps in the sauce. Once you get your desired consistency, turn off the flame. 

Preparation: In a ovenproof dish, Make a layer of your lasagna sheets, top it with your minced mixture, drop some white sauce on it, garnish with mushrooms and olives, put some (A LOT) cheese, I used mozzarella and cheddar!

Keep repeating the layers! Make the last layer of lasagna sheet, mushrooms, olives, Oregano and cheese.
Bake it for 20-25 mins, once its done, Broil it for 5-7 mins or once the cheese is completely melted and the crust is nicely golden! ü§ç 

TADAAA! Done.

.
.
.
.
.
.
.
#recipes #lasagna #italianfood #italiandish #recipeoftheday #food #foodblogger #cook",,https://scontent-cdg2-1.cdninstagram.com/v/t51.2885-15/298389445_534029968409714_5912292021021641080_n.jpg?stp=dst-jpg_e35&_nc_ht=scontent-cdg2-1.cdninstagram.com&_nc_cat=102&_nc_ohc=_vVqWYn1VgAAX8VWI6l&edm=AMKDjl4BAAAA&ccb=7-5&ig_cache_key=MjkwMTA5NTAxMzQ0NjQzOTM4Mg%3D%3D.2-ccb7-5&oh=00_AT_bEiqnbkiFn68gfSiU24n3fSjfQkDiA4Q-nXwOCvAWNA&oe=62FA5A3B&_nc_sid=1fe099,2901095022061472995,4091245630,Carousel,,2022-08-10T11:40:37.554Z,True,4.0,,,en,0.9999949791099804,"recipe time!!

boil your lasagna for 5-7 minutes and run cold water over it once its boiled! keep it aside.

chicken minced ingredients: 

- half kg chicken minced
- 1 medium sized onion finely chopped 
- 3-4 medium sized tomatoes (paste)
- ginger garlic paste 2 tb spoon (because i loveee)
- salt (as per taste)
- paprika powder, 1 tb spoon (or as per your taste)
- oregano (half tea spoon)
- mixed herms (as per your liking)
- soya sauce 1 tb spoon
- chilli sauce 1 tb spoon
- chilli garlic ketchup (3-4 tb spoons )

method: saut√© your onion in half tb spoon oil, add ginger garlic paste and cook it until your onion becomes transparent, add chicken minced and saut√© nicely for about 4-5 mins, add tomato paste, all the spices and sauces and let it cook for almost 20 mins or until the water dries up.

white sauce ingredients:
- butter (3-4 tb spoon)
- maida- all purpose flour - (4-5 tb spoon)
- milk around 1-1 .5 cup, depends on your consistency
- black pepper (1 tea spoon)
- salt (as per your liking)
- white pepper (1 tea spoon)
- oregano (half tea spoon)
- mixed herbs (half tea spoon)

method: add butter in your pan, once its melted, add flour and keep wisking, gradually add milk while mixing the mixture, add all your spices and herbs, make sure you‚Äôre continuously mixing so there‚Äôs no lumps in the sauce. once you get your desired consistency, turn off the flame. 

preparation: in a ovenproof dish, make a layer of your lasagna sheets, top it with your minced mixture, drop some white sauce on it, garnish with mushrooms and olives, put some (a lot) cheese, i used mozzarella and cheddar!

keep repeating the layers! make the last layer of lasagna sheet, mushrooms, olives, oregano and cheese.
bake it for 20-25 mins, once its done, broil it for 5-7 mins or once the cheese is completely melted and the crust is nicely golden! 

tadaaa! done.

.
.
.
.
.
.
.",True,"['- half kg chicken minced', '- 1 medium sized onion finely chopped ', '- 3-4 medium sized tomatoes (paste)', '- ginger garlic paste 2 tb spoon (because i loveee)', '- salt (as per taste)', '- paprika powder, 1 tb spoon (or as per your taste)', '- oregano (half tea spoon)', '- mixed herms (as per your liking)', '- soya sauce 1 tb spoon', '- chilli sauce 1 tb spoon', '- chilli garlic ketchup (3-4 tb spoons )']","[{'error': None, 'raw': '- half kg chicken minced', 'parsed': {'confidence': 0.8814630999999999, 'product': 'chicken', 'productSizeModifier': None, 'quantity': None, 'unit': 'kilogram', 'preparationNotes': 'minced', 'usda_info': {'category': 'Poultry Products', 'description': 'Chicken, broilers or fryers, breast, meat only, cooked, roasted', 'fdcId': '171477', 'matchMethod': 'closestUnbranded'}}}, {'error': None, 'raw': '- 1 medium sized onion finely chopped ', 'parsed': {'confidence': 0.78175, 'product': 'sized onion', 'productSizeModifier': 'medium', 'quantity': 1.0, 'unit': None, 'preparationNotes': 'finely chopped', 'usda_info': None}}, {'error': None, 'raw': '- 3-4 medium sized tomatoes (paste)', 'parsed': {'confidence': 0.211156, 'product': 'sized tomatoes', 'productSizeModifier': 'medium', 'quantity': None, 'unit': None, 'preparationNotes': None, 'usda_info': None}}, {'error': None, 'raw': '- ginger garlic paste 2 tb spoon (because i loveee)', 'parsed': {'confidence': 0.21636, 'product': 'garlic paste 2 tb spoon', 'productSizeModifier': None, 'quantity': None, 'unit': None, 'preparationNotes': None, 'usda_info': None}}, {'error': None, 'raw': '- salt (as per taste)', 'parsed': {'confidence': 0.9488434, 'product': 'salt', 'productSizeModifier': None, 'quantity': None, 'unit': None, 'preparationNotes': None, 'usda_info': {'category': 'Spices and Herbs', 'description': 'Salt, table', 'fdcId': '173468', 'matchMethod': 'exact'}}}, {'error': None, 'raw': '- paprika powder, 1 tb spoon (or as per your taste)', 'parsed': {'confidence': 0.70596, 'product': 'paprika powder', 'productSizeModifier': None, 'quantity': None, 'unit': None, 'preparationNotes': None, 'usda_info': None}}, {'error': None, 'raw': '- oregano (half tea spoon)', 'parsed': {'confidence': 0.244913, 'product': 'oregano half tea spoon', 'productSizeModifier': None, 'quantity': None, 'unit': None, 'preparationNotes': None, 'usda_info': None}}, {'error': None, 'raw': '- mixed herms (as per your liking)', 'parsed': {'confidence': 0.220802, 'product': 'herms', 'productSizeModifier': None, 'quantity': None, 'unit': None, 'preparationNotes': None, 'usda_info': None}}, {'error': None, 'raw': '- soya sauce 1 tb spoon', 'parsed': {'confidence': 0.120903, 'product': None, 'productSizeModifier': None, 'quantity': None, 'unit': None, 'preparationNotes': None, 'usda_info': None}}, {'error': None, 'raw': '- chilli sauce 1 tb spoon', 'parsed': {'confidence': 0.126438, 'product': None, 'productSizeModifier': None, 'quantity': None, 'unit': None, 'preparationNotes': None, 'usda_info': None}}, {'error': None, 'raw': '- chilli garlic ketchup (3-4 tb spoons )', 'parsed': {'confidence': 0.408642, 'product': 'garlic ketchup', 'productSizeModifier': None, 'quantity': None, 'unit': None, 'preparationNotes': None, 'usda_info': None}}]"
599,https://www.instagram.com/p/ChCujbgpwVP/,https://www.instagram.com/the_cook_book_25,the_cook_book_25,Foodie‚ù§,0,9,2022-08-09T14:46:45.000Z,"Banana smoothieü§ç
. 
. 
‚ô°Ingredients:
1 glass milk
2 banana
1/4 cup oats
1/2 tsp cardamom powder
Pinch of cinnamon powder
Dry fruits(almonds, walnuts, cashew) 
1 tbsp sugar / honey
4 ice cubes 

#bananasmoothie #smoothie #smoothierecipe #smoothielover #smoothietime #smoothieoftheday #healthyrecipes#tastysmoothie #recipeoftheday #tastyzone #tastybuthealthy #tastytuesday #tastymoments #healthymeals #foodblog #foodblogger #cook#cookbookrecipes #cookbooklovers #cookbook #loveit #love‚ù§Ô∏è #photooftheday #photography #instagood #instafood #instantrecipe #instagram",,https://scontent-cdt1-1.cdninstagram.com/v/t51.2885-15/297982911_807594753737454_2730294481563660358_n.webp?stp=dst-jpg_e35&_nc_ht=scontent-cdt1-1.cdninstagram.com&_nc_cat=106&_nc_ohc=KOLOPzyTJIAAX-qB8aq&edm=AMKDjl4BAAAA&ccb=7-5&ig_cache_key=MjkwMTA4NTg1NDg0MDA2MzMxMQ%3D%3D.2-ccb7-5&oh=00_AT_jLt2IL1BT9s_33dYCCnutTghI2WPZejlnK11HWnNsTQ&oe=62FB118F&_nc_sid=1fe099,2901085854840063311,48507342892,Photo,,2022-08-10T11:40:40.167Z,False,,,,en,0.9999970359167518,"banana smoothie
. 
. 
‚ô°ingredients:
1 glass milk
2 banana
1/4 cup oats
1/2 teaspoon cardamom powder
pinch of cinnamon powder
dry fruits(almonds, walnuts, cashew) 
1 tablespoon sugar / honey
4 ice cubes",True,"['1 glass milk', '2 banana', '1/4 cup oats', '1/2 teaspoon cardamom powder', 'pinch of cinnamon powder', 'dry fruits(almonds, walnuts, cashew) ', '1 tablespoon sugar / honey', '4 ice cubes']","[{'error': None, 'raw': '1 glass milk', 'parsed': {'confidence': 0.474814, 'product': 'glass milk', 'productSizeModifier': None, 'quantity': 1.0, 'unit': None, 'preparationNotes': None, 'usda_info': None}}, {'error': None, 'raw': '2 banana', 'parsed': {'confidence': 0.9994423, 'product': 'banana', 'productSizeModifier': None, 'quantity': 2.0, 'unit': None, 'preparationNotes': None, 'usda_info': {'category': 'Fruits and Fruit Juices', 'description': 'Bananas, raw', 'fdcId': '173944', 'matchMethod': 'exact'}}}, {'error': None, 'raw': '1/4 cup oats', 'parsed': {'confidence': 0.993142, 'product': 'oats', 'productSizeModifier': None, 'quantity': 0.25, 'unit': 'cup', 'preparationNotes': None, 'usda_info': {'category': 'Breakfast Cereals', 'description': 'Cereals, oats, regular and quick, not fortified, dry', 'fdcId': '173904', 'matchMethod': 'exact'}}}, {'error': None, 'raw': '1/2 teaspoon cardamom powder', 'parsed': {'confidence': 0.9781774000000001, 'product': 'cardamom powder', 'productSizeModifier': None, 'quantity': 0.5, 'unit': 'teaspoon', 'preparationNotes': None, 'usda_info': {'category': 'Spices and Herbs', 'description': 'Spices, cardamom', 'fdcId': '170919', 'matchMethod': 'exact'}}}, {'error': None, 'raw': 'pinch of cinnamon powder', 'parsed': {'confidence': 0.880514, 'product': 'cinnamon powder', 'productSizeModifier': None, 'quantity': 1.0, 'unit': 'pinch', 'preparationNotes': None, 'usda_info': None}}, {'error': None, 'raw': 'dry fruits(almonds, walnuts, cashew) ', 'parsed': {'confidence': 0.250882, 'product': 'dry fruits almonds, walnuts', 'productSizeModifier': None, 'quantity': None, 'unit': None, 'preparationNotes': None, 'usda_info': None}}, {'error': None, 'raw': '1 tablespoon sugar / honey', 'parsed': {'confidence': 0.937413, 'product': 'sugar / honey', 'productSizeModifier': None, 'quantity': 1.0, 'unit': 'tablespoon', 'preparationNotes': None, 'usda_info': None}}, {'error': None, 'raw': '4 ice cubes', 'parsed': {'confidence': 0.9215538999999999, 'product': 'ice cubes', 'productSizeModifier': None, 'quantity': 4.0, 'unit': None, 'preparationNotes': None, 'usda_info': {'category': 'Beverages', 'description': 'Beverages, water, tap, drinking', 'fdcId': '173647', 'matchMethod': 'exact'}}}]"
704,https://www.instagram.com/p/ChCfBhdragu/,https://www.instagram.com/heenayadid,heenayadid,Heena Yadid,3,3,2022-08-09T12:31:03.000Z,"Made with simple & basic ingredients this Curd Rice is a must try !!! 
A true comfort meal üî• quick and so delicious ! 

Ingredients : 
Cooked Rice - 1.5 cup 
Curd - 1 cup 
Salt - as per taste 
Mustard Seeds - 1 tsp 
Red chillies 
Urad Dal - 1 tsp 
Hing - a pinch 
Green Chilly - 2/3 
Curry leaves - 10/15 
Coriander - for garnishing 
.
.
.
.
.
.
.
.
.
.
.
.
.
#food #foodie #foodporn #foodgasm #curdrice #rice #recipeoftheday #recipes #recipe #meal #lunch #dinner #eat #hungry #tasty #yummy #love #happy #fun #amazing #life #party #indianfood #good #delish #yum #snacks #snack #fresh #hot",,https://scontent-cdg2-1.cdninstagram.com/v/t51.2885-15/297887822_1261222421314151_2868300966034272684_n.webp?stp=dst-jpg_e35&_nc_ht=scontent-cdg2-1.cdninstagram.com&_nc_cat=111&_nc_ohc=Mr8AwidDUZYAX_0vK-P&edm=AMKDjl4BAAAA&ccb=7-5&ig_cache_key=MjkwMTAxNzU1NDA3Mjc0MTkzNA%3D%3D.2-ccb7-5&oh=00_AT_wT0P8m639aN4vyT5FVHci_TvbqQjivC53jgbHgnX7VQ&oe=62F9D638&_nc_sid=1fe099,2901017554072741934,324010065,Photo,,2022-08-10T11:40:55.428Z,False,,,,en,0.9999975347508931,"made with simple & basic ingredients this curd rice is a must try !!! 
a true comfort meal quick and so delicious ! 

ingredients : 
cooked rice - 1.5 cup 
curd - 1 cup 
salt - as per taste 
mustard seeds - 1 teaspoon 
red chillies 
urad dal - 1 teaspoon 
hing - a pinch 
green chilly - 2/3 
curry leaves - 10/15 
coriander - for garnishing 
.
.
.
.
.
.
.
.
.
.
.
.
.",True,"['cooked rice - 1.5 cup ', 'curd - 1 cup ', 'salt - as per taste ', 'mustard seeds - 1 teaspoon ', 'red chillies ', 'urad dal - 1 teaspoon ', 'hing - a pinch ', 'green chilly - 2/3 ', 'curry leaves - 10/15 ', 'coriander - for garnishing ']","[{'error': None, 'raw': 'cooked rice - 1.5 cup ', 'parsed': {'confidence': 0.125422, 'product': None, 'productSizeModifier': None, 'quantity': None, 'unit': None, 'preparationNotes': 'cooked rice - 1.5 cup', 'usda_info': None}}, {'error': None, 'raw': 'curd - 1 cup ', 'parsed': {'confidence': 0.223805, 'product': None, 'productSizeModifier': None, 'quantity': 1.0, 'unit': 'cup', 'preparationNotes': 'curd -', 'usda_info': None}}, {'error': None, 'raw': 'salt - as per taste ', 'parsed': {'confidence': 0.8424142, 'product': 'salt', 'productSizeModifier': None, 'quantity': None, 'unit': None, 'preparationNotes': None, 'usda_info': {'category': 'Spices and Herbs', 'description': 'Salt, table', 'fdcId': '173468', 'matchMethod': 'exact'}}}, {'error': None, 'raw': 'mustard seeds - 1 teaspoon ', 'parsed': {'confidence': 0.8101372, 'product': 'mustard seeds', 'productSizeModifier': None, 'quantity': None, 'unit': 'teaspoon', 'preparationNotes': None, 'usda_info': {'category': 'Spices and Herbs', 'description': 'Spices, mustard seed, ground', 'fdcId': '170929', 'matchMethod': 'exact'}}}, {'error': None, 'raw': 'red chillies ', 'parsed': {'confidence': 0.9930397, 'product': 'red chillies', 'productSizeModifier': None, 'quantity': None, 'unit': None, 'preparationNotes': None, 'usda_info': {'category': 'Vegetables and Vegetable Products', 'description': 'Peppers, hot chili, red, raw', 'fdcId': '170106', 'matchMethod': 'exact'}}}, {'error': None, 'raw': 'urad dal - 1 teaspoon ', 'parsed': {'confidence': 0.33765, 'product': 'urad dal', 'productSizeModifier': None, 'quantity': None, 'unit': 'teaspoon', 'preparationNotes': None, 'usda_info': None}}, {'error': None, 'raw': 'hing - a pinch ', 'parsed': {'confidence': 0.329606, 'product': 'hing', 'productSizeModifier': None, 'quantity': None, 'unit': 'pinch', 'preparationNotes': None, 'usda_info': None}}, {'error': None, 'raw': 'green chilly - 2/3 ', 'parsed': {'confidence': 0.413024, 'product': 'green chilly', 'productSizeModifier': None, 'quantity': None, 'unit': None, 'preparationNotes': None, 'usda_info': None}}, {'error': None, 'raw': 'curry leaves - 10/15 ', 'parsed': {'confidence': 0.68332, 'product': 'curry leaves - 10/15', 'productSizeModifier': None, 'quantity': None, 'unit': None, 'preparationNotes': None, 'usda_info': None}}, {'error': None, 'raw': 'coriander - for garnishing ', 'parsed': {'confidence': 0.9638637999999999, 'product': 'coriander -', 'productSizeModifier': None, 'quantity': None, 'unit': None, 'preparationNotes': None, 'usda_info': {'category': 'Vegetables and Vegetable Products', 'description': 'Coriander (cilantro) leaves, raw', 'fdcId': '169997', 'matchMethod': 'exact'}}}]"
